clip,ref_words,r1_15s_errors,r2_30s_gather_errors,r2_40s_gather_errors,r2_30s_skew_errors,r2_40s_skew_errors,mlx8_errors
5069926933251281875.wav,33,0,0,0,0,0,0
4205122469835340609.wav,33,0,0,0,0,0,0
9205876924656245889.wav,33,0,0,0,0,0,0
7619464773135024428.wav,33,3,2,2,2,2,2
7911870416208173736.wav,33,1,1,1,1,1,1
674016504772689351.wav,33,0,2,2,2,2,2
529121125980696453.wav,10,0,0,0,0,0,0
4089463875836849824.wav,10,0,0,0,0,0,0
15216042742579232871.wav,31,0,0,0,0,0,0
8361271203293453921.wav,31,1,1,1,1,1,1
3477905854605181898.wav,28,1,1,1,1,1,1
4974408259251874988.wav,28,1,1,1,1,1,1
1564175646073244823.wav,18,1,0,0,0,0,1
3119485234806031798.wav,13,3,3,3,3,3,3
2959145510895835186.wav,13,0,0,0,0,0,0
4418664798855345194.wav,13,0,0,0,0,0,0
13683045372175103810.wav,45,2,3,3,3,3,3
15198042800303895077.wav,45,0,0,0,0,0,0
8389275595017919796.wav,45,1,2,2,2,2,2
6552045503158327501.wav,58,1,1,1,1,1,1
9906245973624152005.wav,17,0,0,0,0,0,0
210409547765745472.wav,17,0,0,0,0,0,0
3841467435976478375.wav,17,0,0,0,0,0,0
10971853769949826868.wav,16,4,4,4,4,4,4
142063557464345593.wav,16,7,7,7,7,7,6
6223169984011375685.wav,18,1,1,1,1,1,1
2471695186064631749.wav,18,4,2,2,2,2,2
392076478094933003.wav,32,3,1,1,1,1,1
15966142247881882123.wav,32,2,2,2,2,2,3
18128012442084620125.wav,43,2,1,1,1,1,1
10579823346984552276.wav,43,2,2,2,2,2,2
5158588031438706182.wav,43,1,1,1,1,1,1
4056574185758490900.wav,17,2,2,2,2,2,1
1799086164400461655.wav,17,0,0,0,0,0,0
14738368649054502201.wav,24,4,4,4,4,4,4
4276127511126889853.wav,13,0,0,0,0,0,0
13653907624505029019.wav,13,1,1,1,1,1,2
9950400042780001475.wav,18,3,3,3,3,3,2
8498124802668368222.wav,18,1,1,1,1,1,1
7460000409302202042.wav,18,2,2,3,2,3,2
14297495280969269455.wav,18,0,0,0,0,0,0
18030744932029098830.wav,18,0,0,0,0,0,0
15576197053949543256.wav,18,0,0,0,0,0,0
14345459515680354440.wav,20,6,5,5,5,5,6
9428606651591117146.wav,20,5,7,7,5,7,7
13605666126618074767.wav,14,0,0,0,0,0,0
8968908931278452083.wav,14,3,3,3,3,3,3
15820254972596344877.wav,21,1,1,2,1,2,1
6453256174616660271.wav,21,2,2,2,2,2,2
17921299190883060911.wav,21,1,1,1,1,1,1
6620553969800521514.wav,23,1,1,1,1,1,1
6669484095148621300.wav,23,0,0,0,0,0,0
5285608063658367538.wav,23,3,3,3,3,3,1
18207855359043778607.wav,13,5,5,5,5,5,5
4984445099072859253.wav,28,2,2,2,2,2,2
14314352393054936505.wav,28,4,4,4,4,4,4
7521200646992831701.wav,28,3,3,3,3,3,3
8084618526922272394.wav,16,0,0,0,0,0,0
16789994076735769339.wav,16,1,1,1,1,1,1
3497448053544077171.wav,21,2,2,2,2,2,1
18306837954373892311.wav,21,1,3,3,3,3,2
3841548855273022850.wav,27,3,4,4,4,4,6
10747889223494637354.wav,21,0,0,0,0,0,0
6770590822494847784.wav,29,0,0,0,0,0,0
16051871750286805617.wav,29,1,1,1,1,1,1
4541986591692556572.wav,20,0,0,0,0,0,0
11234301112428825176.wav,20,0,0,0,0,0,0
14236115013919488214.wav,20,1,1,1,1,1,1
1943529097368242833.wav,19,3,3,3,4,3,3
144946260526026252.wav,19,3,3,3,3,3,3
5016162416835608136.wav,21,0,0,0,0,0,0
14498325798223928710.wav,21,2,2,2,2,2,2
6474806639202899372.wav,15,1,1,1,1,1,3
8553188658088956431.wav,18,5,6,6,6,6,5
16030248905539581706.wav,18,0,0,0,0,0,0
8692209880702823729.wav,18,4,4,4,4,4,4
16212089397143732562.wav,35,3,2,2,2,2,2
13288278622895750781.wav,35,4,4,4,4,4,4
9995081406816897179.wav,35,3,3,3,3,3,3
3756748881243208884.wav,25,1,1,1,1,1,1
2242498982085621339.wav,25,0,0,0,0,0,0
4061427654454187817.wav,25,0,0,0,0,0,0
7854233583612096055.wav,20,2,2,2,2,2,2
6863938254556582594.wav,16,0,0,0,0,0,0
3234371860591790729.wav,16,2,2,2,2,2,3
12680691369807648785.wav,19,0,0,0,0,0,0
16468629133177079442.wav,19,0,0,0,0,0,0
8931672263857156479.wav,13,2,1,1,1,1,2
7049557347832054627.wav,13,1,1,1,1,1,1
17831659689709568352.wav,38,0,0,0,0,0,0
15362055458076963092.wav,38,0,0,0,0,0,0
4030720042804024107.wav,38,1,1,1,1,1,1
18295351625531559959.wav,17,2,2,2,2,2,2
7337713728307556210.wav,17,2,2,2,2,2,2
775473824371972682.wav,17,2,2,2,2,2,2
12531026688541841594.wav,4,0,0,0,0,0,0
11766624907186982351.wav,4,0,0,0,0,0,0
17814617625950466808.wav,4,0,0,0,0,0,0
13168429052589446530.wav,22,0,0,0,0,0,0
18319120697336875320.wav,22,0,0,0,0,0,0
9473871676576790369.wav,52,4,3,3,3,3,3
18248656954389717822.wav,52,5,4,4,4,4,4
11455770824303915313.wav,21,2,2,2,2,2,2
12897679832682496627.wav,21,2,2,2,2,2,2
6920181806309544603.wav,15,5,2,2,2,2,2
10379259489382908690.wav,15,0,0,0,0,0,0
10688276196824623369.wav,21,1,1,1,1,1,2
2887959306343177852.wav,45,3,3,3,3,3,3
10801518582198924889.wav,45,2,2,2,2,2,2
11927551706038371032.wav,45,4,3,3,3,3,3
3632936329450037260.wav,28,4,4,4,4,4,4
5861488016641126947.wav,28,6,5,5,5,5,5
5345007917378281312.wav,14,1,1,1,1,1,1
7120472092212602134.wav,14,2,2,2,2,2,2
15920838490359987832.wav,14,4,4,4,4,4,2
1989490930935971991.wav,14,1,1,1,1,1,1
9729036439449262715.wav,14,0,0,0,0,0,1
13492721099751586311.wav,30,0,0,0,0,0,0
7609268364636611619.wav,22,5,4,4,4,4,4
1648407807835401295.wav,17,0,0,0,0,0,0
8479547126498743182.wav,17,0,0,0,0,0,0
13720657743074343724.wav,34,0,0,0,0,0,0
9135071397866896906.wav,34,0,0,0,0,0,0
16741411829456393502.wav,34,0,0,0,0,0,0
1480336400761123156.wav,22,4,4,4,4,4,4
9891538395787696292.wav,22,2,2,2,2,2,2
15370489622676800433.wav,22,3,3,3,3,3,3
11492352021169831639.wav,16,0,0,0,0,0,0
18430281348165445219.wav,16,2,2,2,2,2,2
11569046426682372641.wav,16,0,0,0,0,0,0
1965694952124795930.wav,16,0,0,0,0,0,0
13983724983798927222.wav,9,2,2,2,2,2,2
2506486076425936231.wav,9,2,2,2,2,2,2
8952906962966320509.wav,34,0,0,0,0,0,0
1323008452499993749.wav,34,0,0,0,0,0,0
3104281111433680941.wav,34,1,1,1,1,1,1
2170850409913549083.wav,20,1,1,1,1,1,2
15191476536019402940.wav,20,1,1,1,1,1,1
2614752349948002136.wav,20,2,2,2,2,2,2
7921331294051260306.wav,19,0,0,0,0,0,0
10189991104361401076.wav,19,0,0,0,0,0,0
10627290965713276741.wav,19,3,3,3,3,3,3
4992262214419922908.wav,19,3,3,3,3,3,3
10135403406936288517.wav,29,0,0,0,0,0,0
14422837457407040887.wav,29,0,0,0,0,0,0
4958585462983538312.wav,29,2,1,1,1,1,1
8912501832934262746.wav,15,0,0,0,0,0,0
1872590846899891853.wav,15,0,0,0,0,0,0
8237363848509459788.wav,34,0,0,0,0,0,0
1633685185349769927.wav,34,2,2,3,3,3,2
4455928972660555979.wav,34,0,0,0,0,0,0
16061042112461183329.wav,21,3,3,3,3,3,3
14109966316561242367.wav,21,2,2,2,2,2,3
6502243301256706596.wav,21,4,4,3,4,3,3
5378362828899518786.wav,21,5,5,5,5,5,3
45652573189463878.wav,21,2,2,2,2,2,2
9136158787639376926.wav,21,4,4,4,4,4,4
4511708367335628012.wav,21,5,5,4,5,4,5
9735315520370984570.wav,21,4,2,2,2,2,4
12386472388915621498.wav,23,3,2,2,2,2,3
6625319748553626671.wav,23,3,3,3,3,3,2
9762112004300209557.wav,25,1,1,1,1,1,1
18048392004451292016.wav,29,0,0,0,0,0,0
4606938286741429893.wav,29,1,1,1,1,1,1
3426865937722989923.wav,20,2,2,2,2,2,2
10344215458661458444.wav,20,0,1,1,1,1,0
12357695159007120373.wav,23,0,0,0,0,0,0
13057734921275186714.wav,23,0,0,0,0,0,0
8347706952938811792.wav,12,0,0,0,0,0,0
17974034017449365119.wav,12,0,0,0,0,0,0
14476632615094668335.wav,12,0,0,0,0,0,0
7422741744349577355.wav,15,1,1,1,1,1,1
17131988589425623970.wav,15,0,0,0,0,0,0
1041766983275333722.wav,25,1,0,0,0,0,1
16224053463771278635.wav,25,1,0,0,0,0,1
5807481927464325062.wav,25,0,0,0,0,0,0
6628035727103089823.wav,23,0,0,0,0,0,0
15293473594618787728.wav,8,3,1,1,1,1,1
2886536588977041505.wav,8,2,2,2,2,2,2
2722694976897699455.wav,23,3,3,3,3,3,3
552247131271332100.wav,23,3,3,3,3,3,3
12671917162263286381.wav,29,1,1,1,1,1,1
6708062022955268420.wav,29,1,1,1,1,1,1
3624405564654276460.wav,29,1,1,1,1,1,1
989470138399558072.wav,13,0,0,0,0,0,0
3384464007489327346.wav,12,0,1,1,1,1,1
919164166333469793.wav,12,1,1,1,1,1,1
14590459129545054519.wav,12,0,0,0,0,0,0
11515241078707515573.wav,17,0,0,0,0,0,1
16369753823999463462.wav,17,0,0,0,0,0,0
13522979980990855055.wav,22,0,0,0,0,0,0
4478565166417115407.wav,22,1,1,1,1,1,1
253289973530355640.wav,22,0,0,0,0,0,0
13017709999345616645.wav,13,0,0,0,0,0,0
17484624439166161845.wav,13,1,1,1,1,1,1
15893238894269104347.wav,23,0,0,0,0,0,0
3374312514783391299.wav,23,0,0,0,0,0,0
3282000736119077777.wav,49,8,8,8,8,8,8
10070024341607636465.wav,13,1,1,1,1,1,1
7417552808523792206.wav,13,0,1,1,1,1,0
6027995290356538874.wav,13,1,1,1,1,1,1
9465982591098069597.wav,22,3,3,3,3,3,3
2719745878520851497.wav,22,0,0,0,0,0,0
17274051763389187224.wav,22,0,0,0,0,0,0
6174987727155832558.wav,30,2,2,1,2,1,1
13163506390679041239.wav,30,0,0,0,0,0,0
16339275641865603551.wav,22,3,3,3,3,3,3
12688026512340699992.wav,22,2,2,2,2,2,2
6087832918820532442.wav,12,0,0,0,0,0,0
3360902792515009112.wav,12,0,0,0,0,0,0
5091290783550472822.wav,32,0,0,0,0,0,0
5956568375951790290.wav,32,1,1,1,1,1,1
13607412129583716494.wav,16,2,2,2,2,2,3
15292085024402190768.wav,16,2,2,2,2,2,1
4274947778065691364.wav,22,3,1,1,1,1,3
8064582207428197042.wav,10,0,0,0,0,0,0
16819313217314551702.wav,15,0,0,0,0,0,0
13159673603438739736.wav,14,0,0,0,0,0,0
18255513635473238649.wav,14,0,1,0,1,1,0
18033636120422226970.wav,24,0,0,0,0,0,0
17656193776959990855.wav,24,0,0,0,0,0,0
9718794820484309254.wav,19,2,2,2,2,2,2
12307827582835109460.wav,19,0,0,0,0,0,0
14450108731323676495.wav,19,0,0,0,0,0,0
11138441390458383759.wav,22,0,0,1,0,1,1
18194635263735660988.wav,22,0,0,0,0,0,0
9709031796830892026.wav,22,3,2,2,2,2,3
13334976770954351230.wav,19,2,1,1,1,1,2
16930345334866062445.wav,19,1,1,1,1,1,1
18019554848982878169.wav,16,5,5,5,5,5,5
17077500655825461777.wav,16,7,7,7,7,7,7
2529461386124483550.wav,16,5,5,5,5,5,4
9028879373383549570.wav,9,1,1,1,1,1,1
13022269174944903213.wav,9,1,1,1,1,1,1
18285026706139162920.wav,9,1,1,1,1,1,1
1643062448162306629.wav,21,2,2,2,2,2,2
3810064402993295519.wav,21,3,3,3,3,3,3
10449445078542833167.wav,29,1,0,0,0,0,1
6435846754997728123.wav,29,0,0,0,0,0,0
9240793364870682220.wav,19,1,1,1,1,1,0
5785343107154415979.wav,19,0,0,1,0,1,0
15226109799924512928.wav,19,0,1,1,1,1,0
14184835343915937332.wav,19,3,3,3,3,3,3
8794614781670453327.wav,19,3,3,3,3,3,3
13467993761143836869.wav,16,0,0,0,0,0,0
15607199585778898653.wav,16,0,0,0,0,0,0
14572674549838987397.wav,17,0,0,0,0,0,0
9449129348011678523.wav,33,1,1,1,1,1,1
9384614598597590786.wav,33,3,2,2,2,2,3
16146803156086027726.wav,33,2,2,2,2,2,2
7100051333349585338.wav,35,2,3,3,3,3,2
2894261206938787956.wav,28,0,0,0,0,0,0
6736772436710437413.wav,28,0,0,0,0,0,0
14599492863704290121.wav,39,4,3,3,3,3,3
2460593206666381325.wav,19,1,1,1,1,1,3
1856666749471461062.wav,19,3,0,0,0,0,3
17811225369093419644.wav,22,0,2,2,2,2,0
2434573890199073144.wav,18,3,3,3,3,3,1
7571513825047977932.wav,18,3,3,3,3,3,3
2905528629869770663.wav,18,1,1,1,1,1,1
16503646263339077396.wav,15,0,0,0,0,0,0
15253759612729966703.wav,15,0,0,0,0,0,0
14763906126661003434.wav,21,0,0,0,0,0,0
7815732056088526165.wav,21,0,0,0,0,0,0
14959840661029278178.wav,27,2,2,2,2,2,2
4457705855269200368.wav,20,0,0,0,0,0,0
12864562346221810309.wav,20,5,4,4,4,4,5
16995661856250725910.wav,34,0,0,0,0,0,0
6186745300894105660.wav,24,1,1,1,1,1,1
15023429558069611696.wav,24,2,2,2,2,2,2
3117040242010196185.wav,24,2,2,2,2,2,2
6716195106826849990.wav,16,1,1,1,1,1,1
11528541060007193619.wav,16,1,1,1,1,1,1
3264813122918708218.wav,16,0,1,1,1,1,1
1705861125025309482.wav,17,0,0,0,0,0,0
10167640644650297797.wav,17,0,0,3,0,0,0
7909798996201883312.wav,26,1,1,1,1,1,1
17450706745932091488.wav,26,3,3,3,3,3,3
9070636488176330986.wav,26,3,3,3,3,3,3
7544152001813562778.wav,20,1,1,1,1,1,1
2866095941554987302.wav,20,5,5,5,5,5,5
14734088938913890530.wav,20,4,4,4,4,4,4
502205939002178880.wav,19,1,1,1,1,1,1
2720129594485941420.wav,19,0,0,0,0,0,0
7623569017855009156.wav,19,2,2,2,2,2,2
3165012415293922918.wav,31,1,2,2,2,2,1
17136170552072948217.wav,31,4,3,3,3,3,4
10012576233690113081.wav,31,8,8,8,8,8,8
17912386046892185656.wav,13,0,0,0,0,0,0
1028155808567244540.wav,13,0,0,0,0,0,0
620005323190529575.wav,15,0,0,0,0,0,0
2810322086798227394.wav,15,1,2,2,2,2,1
7921569314073671477.wav,36,0,0,0,0,0,0
10364033286149124696.wav,36,3,3,3,3,3,4
14909768065393490889.wav,12,2,2,2,2,2,2
1214829078614263217.wav,12,2,0,0,0,0,3
3824801210799977017.wav,12,0,0,0,0,0,3
15541132323560810661.wav,17,2,1,1,1,1,1
13450738525826032611.wav,17,0,0,0,0,0,1
17882025438177502566.wav,14,1,1,1,1,1,0
17699849931201208135.wav,14,1,0,0,0,0,0
7511381026461487870.wav,20,0,0,0,0,0,0
4735438869083490565.wav,20,0,0,0,0,0,0
18331347171459000159.wav,26,3,2,2,2,2,3
14253296136324500584.wav,26,4,4,4,4,4,4
2027254681170999694.wav,18,2,2,2,2,2,3
14318615831860172797.wav,18,3,2,2,2,2,3
5929578436702914370.wav,18,3,3,3,3,3,3
17186740609433049735.wav,18,0,0,0,0,0,0
7554262776676497491.wav,18,0,0,0,0,0,0
3599748046234537609.wav,18,0,0,0,0,0,0
8229250555895246261.wav,6,1,1,1,1,1,1
10298587160340233462.wav,6,0,0,0,0,0,0
18400190249092461511.wav,24,0,0,0,0,0,0
15748044087472623800.wav,24,0,0,0,0,0,0
2076986925130070659.wav,15,2,2,2,2,2,2
889926133090134647.wav,15,0,0,0,0,0,0
9212518457362302491.wav,19,0,0,0,0,0,0
13393975396614608344.wav,19,0,0,0,0,0,0
4950119216091424763.wav,19,0,0,0,0,0,0
15320453556768611127.wav,10,2,2,2,2,2,3
1641348947318849011.wav,10,0,0,0,0,0,0
11017371815100260878.wav,16,3,4,3,4,4,3
18143924216815721384.wav,42,3,3,3,3,3,3
12515460795993839620.wav,42,1,1,1,1,1,4
5956401394805488010.wav,19,3,3,3,3,3,2
9907505887541145753.wav,19,2,2,2,2,2,2
3009662267557307100.wav,19,1,1,1,1,1,1
15630401432734082975.wav,19,1,0,0,0,0,1
1944519255994287618.wav,19,0,0,0,0,0,1
4054997468058561835.wav,19,0,0,0,0,0,1
162018456970032264.wav,12,0,0,0,0,0,0
10008573238567024266.wav,12,2,2,2,2,2,2
13540161244129598823.wav,12,0,0,0,0,0,0
7665456069813691229.wav,17,0,2,2,2,2,2
7212256606468817774.wav,17,0,0,0,0,0,0
8722709261622905145.wav,13,2,2,2,2,2,2
10752591592631501112.wav,13,0,0,0,0,0,0
13627171295971873737.wav,13,0,0,0,0,0,0
6601360215287997138.wav,19,2,2,2,2,2,2
3830639126069991127.wav,19,3,3,3,3,3,3
16957520308629935850.wav,24,2,2,2,2,2,2
2148077824384345379.wav,24,2,2,2,2,2,2
16112067739514530076.wav,24,0,0,1,0,1,0
2752159856370384006.wav,34,3,3,3,3,3,3
15253320181348665091.wav,25,0,0,0,0,0,0
17963565903898036451.wav,25,0,0,0,0,0,0
16317927403656840817.wav,25,0,0,0,0,0,0
5938436804388268531.wav,19,5,5,5,0,0,5
9823854432999720139.wav,19,0,0,0,0,0,0
16265983526604459220.wav,19,0,0,0,0,0,0
10616343857982243674.wav,18,4,3,3,3,3,3
16619515840530867202.wav,18,1,1,1,1,1,1
2516036191661887479.wav,18,1,1,1,1,1,4
9054000210273699126.wav,12,7,7,7,7,7,7
5472542417387599505.wav,12,7,7,7,7,7,7
3900319484379647400.wav,16,1,1,1,1,1,0
6286049989114476416.wav,16,0,0,0,0,0,0
12487318582555695097.wav,16,0,0,0,0,0,0
4732850154518287525.wav,24,0,0,0,0,0,0
9265636352711001629.wav,24,0,0,0,0,0,0
13393986687137379109.wav,24,1,0,0,0,0,0
1210395568053840109.wav,20,0,1,1,1,1,0
17602965896423428464.wav,20,0,0,0,0,0,0
15221760064182742131.wav,12,0,0,0,0,0,0
8626747535933877417.wav,12,0,0,0,0,0,0
500597093948832288.wav,23,4,4,4,4,4,4
17034043508708949286.wav,23,3,3,3,3,3,3
15673994282270335820.wav,17,5,3,3,3,3,5
1138743331354513610.wav,17,2,3,3,3,3,3
9104466362168243777.wav,19,1,2,2,2,2,1
12391975084022268338.wav,19,0,0,0,0,0,0
8874151301531982855.wav,9,2,2,2,2,2,2
12251712429177176061.wav,9,1,1,1,1,1,1
8036467078702611238.wav,10,0,0,0,0,0,0
8780023234302713001.wav,24,8,6,6,6,6,6
10019388412032862048.wav,24,10,10,10,10,10,6
17736676956792467224.wav,24,8,8,8,10,8,4
11122883148996247132.wav,9,1,1,1,1,1,1
367419264966350448.wav,9,0,0,0,0,0,0
2215553411567285976.wav,9,0,1,1,1,1,0
16760001035437753135.wav,16,2,2,2,2,2,2
60270627328082255.wav,16,1,1,1,1,1,1
17173565987952819826.wav,21,0,0,0,0,0,1
5188628555314330931.wav,21,0,0,0,0,0,0
4517062736964375036.wav,21,0,0,0,0,0,0
6777443996286175062.wav,12,2,2,2,2,2,2
4606212713959530534.wav,12,2,2,2,2,2,2
4625364683007500578.wav,12,4,4,4,4,4,4
655406437717242669.wav,34,0,0,0,0,0,0
1876962026602537700.wav,34,1,1,1,1,1,1
17895893643990978971.wav,18,0,0,0,0,0,0
9639114317193746504.wav,37,3,2,3,2,3,2
6779566853765674074.wav,18,0,0,0,0,0,0
2158449043045870169.wav,18,0,0,0,0,0,0
9513665557747425837.wav,18,0,0,0,0,0,0
6521094680684252553.wav,13,0,0,0,0,0,0
3727660511005883497.wav,13,0,0,0,0,0,0
12169095531939077995.wav,21,3,3,3,3,3,3
6629646601078802856.wav,21,3,2,2,2,2,3
15985039071804404339.wav,9,1,1,1,1,1,1
7189641046894611775.wav,9,0,0,0,0,0,0
2278899330194391527.wav,21,1,1,1,1,1,1
121725361684087135.wav,21,0,0,0,0,0,0
1544963966772200029.wav,11,0,0,0,0,0,0
5581789577257166999.wav,11,0,0,0,0,0,0
15427019213935624860.wav,11,0,0,0,0,0,0
9613513522094277967.wav,11,0,0,0,0,0,0
9874951098194769702.wav,23,0,0,0,0,0,0
12734431180900664933.wav,23,1,1,1,1,1,1
7287221453126528874.wav,24,1,1,1,1,1,1
4174078242185480468.wav,24,0,0,0,0,0,0
2401577885671122896.wav,20,2,2,2,2,2,2
4097892960592956624.wav,20,0,0,0,0,0,0
7860835284498489701.wav,17,0,0,0,0,0,0
1800437336805802230.wav,17,0,0,0,0,0,0
936780167312596549.wav,18,1,1,1,1,1,1
13148589674434121544.wav,18,1,1,1,1,1,1
709288395395929486.wav,18,1,1,1,1,1,1
12327205844444352437.wav,26,2,2,2,2,2,2
17434260145586034355.wav,26,2,2,2,2,2,2
7076757383349047957.wav,8,2,2,2,2,2,2
5546417779727470743.wav,8,1,1,1,1,1,1
3077761775588875454.wav,8,1,2,2,2,2,1
1728862472290427556.wav,25,4,2,4,2,4,4
17339815958684079640.wav,14,0,0,0,0,0,0
12687694442436328888.wav,16,1,1,1,1,1,1
4103510125390848922.wav,16,0,0,0,1,0,0
12773958285962070168.wav,16,0,0,0,0,0,0
9037314007825226997.wav,45,6,4,4,4,4,5
1363523769916110173.wav,45,6,3,3,3,3,4
6960227194301148528.wav,27,0,0,0,0,0,0
9035970721634596401.wav,27,0,0,0,0,0,0
17039286669771962415.wav,27,0,0,0,0,0,0
3545418794624584616.wav,21,0,0,0,0,0,0
4748943573561557124.wav,21,0,0,0,0,0,0
2834555606173790548.wav,21,0,0,0,0,0,0
11350663212137409257.wav,10,0,0,0,0,0,0
1051501002708182472.wav,10,0,0,0,0,0,0
12868444199241483749.wav,12,0,0,0,0,0,0
9773968915360639151.wav,12,0,1,0,1,0,0
16422365453986861191.wav,25,1,2,1,2,1,2
7721612309606918320.wav,25,2,2,2,2,2,2
1089775068840610812.wav,25,0,0,0,0,0,0
485880107959944598.wav,17,2,2,2,2,2,1
10882455023026937910.wav,17,0,0,0,0,0,0
1010284889812064135.wav,17,0,0,0,0,0,1
8326957417450904018.wav,23,4,5,5,4,5,4
10498890111978704455.wav,23,2,2,2,2,2,2
10613949811413235144.wav,31,0,0,0,0,0,0
11885254898023012977.wav,31,0,0,0,0,0,0
13409990701296862188.wav,10,0,0,0,0,0,0
13042385568716048661.wav,10,0,0,0,0,0,0
3965040749981615488.wav,18,0,0,0,0,0,0
4231301494866301772.wav,18,1,1,1,1,1,1
8676354718963768622.wav,18,1,1,1,1,1,1
11704828999747495172.wav,18,1,1,2,1,2,1
18260485418926187203.wav,18,3,2,1,2,1,3
17412627295432436008.wav,18,3,2,2,2,2,2
2388284565438123730.wav,15,0,0,0,0,0,0
8973279689410717934.wav,21,8,8,6,8,6,8
5091871438007134223.wav,21,5,5,5,5,5,5
1121530492768283454.wav,21,3,3,3,3,3,3
3659593251021540575.wav,40,4,4,4,4,4,5
11560101921428380010.wav,22,1,1,0,1,0,1
17665589096101147450.wav,22,1,1,1,1,1,1
4493664927292992382.wav,22,1,1,1,1,1,1
13462851748301954308.wav,22,0,0,0,0,0,0
8426200735448956346.wav,48,1,1,1,1,1,2
9250184073006772874.wav,48,1,1,1,1,1,2
6062527723141789243.wav,12,0,0,0,0,0,0
5300095714081985785.wav,12,0,0,0,0,0,0
16709993301854879836.wav,12,0,0,0,0,0,0
379327005369429835.wav,20,6,6,6,6,6,6
12017304840002522652.wav,20,0,0,0,0,0,0
7209223548051504487.wav,23,0,0,0,0,0,0
6374467033052827989.wav,23,0,0,0,0,0,0
13344606640136746684.wav,23,0,0,0,0,0,3
14764494682517458260.wav,20,3,3,3,3,3,3
12893849414328676803.wav,20,1,1,1,1,1,1
6738569979826191760.wav,19,2,2,2,2,2,2
7664828570106528775.wav,19,1,0,0,0,0,1
5290915815237963286.wav,19,3,3,3,3,3,3
5876856785711728816.wav,19,3,1,1,1,1,3
16704282661762060857.wav,14,3,3,3,3,3,3
9753978427172185492.wav,14,3,3,3,3,3,2
14713359909588228520.wav,14,1,1,1,1,1,1
15910314493064280927.wav,27,0,0,0,0,0,0
8725121398891464942.wav,13,5,5,5,5,5,5
1077290242578873669.wav,20,0,0,0,0,0,0
8175205864193576681.wav,20,1,1,1,1,1,1
10946235565040327203.wav,20,0,0,0,0,0,0
15325515309865738531.wav,17,1,2,2,2,2,1
6240962334567254226.wav,17,0,0,0,0,0,0
13745758364969429394.wav,17,3,3,3,3,3,3
15153398025919975451.wav,13,0,0,0,0,0,0
9793775070573573442.wav,13,0,0,0,0,0,0
15624760151212630314.wav,13,0,0,0,0,0,0
10104776545504338426.wav,8,1,2,2,2,2,1
5306078154849150572.wav,8,0,1,1,1,1,0
10012040858672700718.wav,8,1,2,2,2,2,1
10092307014552074063.wav,20,1,1,1,1,1,1
727709614433690166.wav,20,0,0,0,0,0,0
5484957886240501012.wav,18,3,3,3,3,3,3
2673120532208768605.wav,18,3,3,3,3,3,3
9986151134381949293.wav,18,4,6,6,6,6,4
11628509990249818586.wav,37,1,1,1,1,1,1
18040490057745769625.wav,16,0,0,0,0,0,0
13487853982780916892.wav,16,1,1,1,1,1,1
3348088387742677947.wav,16,1,1,1,1,1,1
17430572743866645794.wav,18,1,1,1,1,1,1
17765613196256282892.wav,18,0,0,0,0,0,0
16014643533076506062.wav,19,2,2,2,2,2,2
9274628979435919691.wav,19,2,1,2,2,2,2
9835768697616366654.wav,19,2,2,2,2,2,1
3241516571158352540.wav,8,1,1,1,1,1,1
8370407006947190160.wav,8,0,0,0,0,0,0
5435860557672286092.wav,28,1,1,1,1,1,1
3163402034933991312.wav,28,0,0,0,0,0,0
5840449893192872991.wav,12,3,3,1,3,1,3
10380133750300680523.wav,12,2,2,2,2,2,2
17604865679730832651.wav,11,2,2,2,2,2,2
13011531472583085653.wav,11,1,1,1,1,1,1
14914327520084276100.wav,11,0,0,0,0,0,0
11057591398549186981.wav,18,2,4,4,4,4,2
8062571416809881046.wav,18,4,4,4,4,4,3
265041280878691123.wav,18,1,1,1,1,1,1
154160428729943840.wav,12,4,4,6,4,6,4
16025246731593135735.wav,24,1,1,1,1,1,1
13322854493046758094.wav,16,1,2,2,2,2,1
6635246207711163366.wav,15,3,2,2,2,2,3
11535772283251356553.wav,15,1,1,1,1,1,2
7846945186925780510.wav,15,2,2,2,2,2,2
13307366624796073452.wav,17,1,1,1,1,1,1
11967316721298622978.wav,22,0,0,0,0,0,0
11990315577253414330.wav,14,1,1,1,1,1,1
1274999989702031011.wav,14,1,1,1,1,1,1
2339377393629180800.wav,28,5,5,5,5,5,5
18067554733366955733.wav,28,4,4,4,4,4,4
8397648754612128172.wav,28,4,4,4,4,4,4
1056928412126299818.wav,27,9,9,9,9,9,8
3703551577464087592.wav,27,4,2,2,2,2,4
709057991627604628.wav,27,4,4,4,4,4,4
11908667003285285601.wav,16,0,0,0,0,0,0
12742968891737560321.wav,9,0,0,0,0,0,0
5126492296056738337.wav,9,0,0,0,0,0,0
17497280563669053855.wav,9,0,0,0,0,0,0
1256221953857192446.wav,15,0,0,0,0,0,0
7226432923676376030.wav,15,2,2,2,2,2,2
11662151834887563400.wav,15,1,1,1,1,1,1
3121400181647361943.wav,16,1,1,1,1,1,1
3192018337599391049.wav,16,3,3,3,3,3,3
5009953360448641623.wav,16,2,1,1,1,1,2
14040678124084054776.wav,12,0,0,0,0,0,0
3294103399938037433.wav,12,0,0,0,0,0,0
18359725929843275900.wav,12,3,3,3,3,3,2
11964665752226082188.wav,24,1,1,1,1,1,1
16844864727683940979.wav,24,1,1,1,1,1,1
17830148936492115845.wav,20,3,3,3,3,3,2
1040070163551583570.wav,20,4,3,2,3,2,2
9889103895315329424.wav,18,1,1,1,1,1,1
17341417062254400900.wav,18,1,1,1,1,1,2
9566708559412596992.wav,14,0,0,0,0,0,1
12289925037427325636.wav,17,0,0,0,0,0,1
7328490747210238970.wav,17,0,0,0,0,0,0
17259589451760069261.wav,11,1,1,1,1,1,1
13639194361441922246.wav,11,1,1,1,1,1,1
3011021643284532494.wav,11,3,3,3,3,3,2
16680670062169502337.wav,17,0,0,0,0,0,0
6982589944934003900.wav,17,1,2,2,2,2,1
12271442273941668938.wav,17,0,0,0,0,0,0
11450316222552996020.wav,24,2,2,2,2,2,2
5351232765559149113.wav,24,4,4,4,4,4,4
1955932643162278948.wav,24,2,2,2,2,2,2
7147980469870979833.wav,22,5,5,5,5,5,6
1133324759451308906.wav,19,1,1,2,1,2,2
10044932784602286907.wav,19,0,0,0,0,0,0
12340028161567901523.wav,19,0,0,0,0,0,0
2943340130754639567.wav,18,0,0,0,0,0,0
14173473307753881359.wav,18,1,1,1,1,1,1
7624454476919121848.wav,35,0,0,0,0,0,0
12666791965060084773.wav,35,0,0,0,0,0,0
15420847965128113235.wav,23,2,2,2,2,2,2
14865188006569141581.wav,23,4,4,4,4,4,4
4566251639286229419.wav,16,2,2,2,2,2,2
5395639343046841959.wav,16,1,2,2,2,2,1
6453650458999555827.wav,15,0,0,0,0,0,0
14988632573521393906.wav,15,0,0,0,0,0,0
10577609593797195403.wav,15,1,1,1,1,1,1
5391085559702260836.wav,13,1,1,1,1,1,1
5695555670177776046.wav,13,0,0,0,0,0,0
7143031564305088680.wav,24,0,0,0,0,0,0
14287334659620389486.wav,24,0,0,0,0,0,0
182757512071080908.wav,24,0,0,0,0,0,0
5056844864528708269.wav,36,1,1,1,1,1,1
18260595686343677569.wav,36,0,0,0,0,0,0
6948532521241293034.wav,13,0,0,0,0,0,0
13878039751443585352.wav,13,2,2,2,2,2,2
1560858471068168171.wav,13,0,0,0,0,0,0
3527473033660245213.wav,27,4,3,3,3,3,3
5784606637498053141.wav,27,4,4,4,4,4,4
13558212799934478358.wav,27,3,5,3,5,3,5
16525783897046637910.wav,14,2,2,2,2,2,2
17332365460923871600.wav,14,0,1,1,1,1,0
253678214078256831.wav,15,2,1,1,1,1,0
4923449473543469059.wav,15,0,0,0,0,0,0
12044683562674303573.wav,15,3,3,3,3,3,3
2829673449551877603.wav,15,0,1,1,1,1,1
17110807622368200689.wav,15,2,1,1,1,1,1
16339523186387222698.wav,15,1,1,1,1,1,1
3947991006124673426.wav,9,0,0,0,0,0,0
7773019929315352476.wav,9,0,0,0,0,0,0
4547453533181114598.wav,21,3,5,4,4,4,2
160410768914892604.wav,21,0,0,0,0,0,0
7361101927076262644.wav,21,0,1,1,1,1,0
2164057425849718424.wav,24,2,2,2,2,2,2
11574568960788172392.wav,24,0,0,0,0,0,0
5463920695261155522.wav,24,0,0,0,0,0,0
2810006885781605884.wav,19,3,4,4,4,4,4
10709179938582626987.wav,19,2,2,2,2,2,3
6932772438929015178.wav,24,0,0,1,0,1,0
4419189965675821437.wav,24,1,0,0,0,0,1
7875660943386639213.wav,24,0,0,0,0,0,0
2625092471805329953.wav,10,1,1,1,1,1,1
2273132806425473466.wav,17,1,1,1,1,1,0
6496993399533640286.wav,17,0,0,0,0,0,0
14762937703794517123.wav,17,1,1,1,1,1,1
6620744208232512149.wav,20,1,1,1,1,1,1
5969978725854282843.wav,20,1,1,1,1,1,1
11130826628071280527.wav,22,0,0,0,0,0,0
14221527847922943077.wav,22,1,1,1,1,1,1
2291418491016424718.wav,22,0,0,0,0,0,0
4477529680125972507.wav,23,1,1,1,1,1,1
14565892073431096772.wav,23,2,2,2,2,2,2
6231778191868871155.wav,23,5,5,5,5,5,5
9270496759819948559.wav,16,0,0,0,0,0,0
4184612854874415460.wav,16,0,0,0,0,0,0
10085045609272433044.wav,13,1,1,1,1,1,1
2613590273398148290.wav,12,0,0,0,0,0,0
16635126454249563059.wav,17,2,2,2,2,2,2
2283566111210068713.wav,13,0,1,1,1,1,0
696580471090466478.wav,13,0,0,0,0,0,0
10268683262279494566.wav,32,1,1,1,1,1,1
9858420943497157970.wav,32,2,2,2,2,2,2
16777998260599378004.wav,21,4,4,4,4,4,4
13117057532080871815.wav,21,3,2,2,2,2,3
10895167759511811951.wav,24,0,0,0,0,0,0
17801157314592510045.wav,24,0,0,0,0,0,0
7849957863846031926.wav,24,0,0,0,0,0,0
8829565166694856792.wav,13,0,0,0,0,0,0
11156206501057142092.wav,13,0,0,0,0,0,0
14408929490090666352.wav,13,0,0,0,0,0,0
7770505434317858169.wav,33,3,3,3,3,3,4
5588955390906877824.wav,33,3,3,3,3,3,2
9475995250856469820.wav,23,0,0,0,0,0,0
16449795553652064858.wav,23,0,0,0,0,0,0
6673711902660675235.wav,17,1,1,1,1,1,1
4071993236507559964.wav,17,0,0,0,0,0,0
3267479639100689664.wav,22,3,3,3,3,3,3
16567357264251563357.wav,15,1,1,1,1,1,1
11256927594092720547.wav,15,1,1,1,1,1,1
1919003247125311101.wav,27,1,1,1,1,1,1
4098984806653728658.wav,27,1,1,1,1,1,1
255735814871011715.wav,27,2,2,2,2,2,2
13529889950539088746.wav,19,0,0,0,0,0,0
17411208980507815183.wav,19,2,2,2,2,2,2
6679526816423725772.wav,17,2,2,2,2,2,2
15408940747183930756.wav,17,3,3,3,3,3,3
10153162695594790734.wav,17,3,3,3,3,3,3
16673624098663382898.wav,10,2,2,2,2,2,2
10199870148829647093.wav,10,3,3,3,3,3,3
13639203186987881233.wav,19,4,4,4,4,4,4
7130283776508880964.wav,19,3,6,4,6,6,3
2106207574889507085.wav,19,2,1,1,1,1,2
15712271937556048167.wav,13,0,0,0,0,0,0
3308935160043603540.wav,29,2,2,2,2,2,2
6494356676225470829.wav,29,1,1,1,1,1,0
12598117537734308656.wav,21,0,0,0,0,0,0
10011314709555999730.wav,21,0,0,0,0,0,0
4143710701775833948.wav,16,0,0,0,0,0,0
5945828039324360378.wav,16,0,0,0,0,0,0
4143692437753335194.wav,16,0,1,1,1,1,0
15249655296691908771.wav,16,1,1,1,1,1,1
1897548293483966844.wav,15,4,4,4,4,4,4
3622107079192276676.wav,15,3,2,2,2,2,3
17848951680260602909.wav,24,1,1,1,1,1,1
11596092501144062109.wav,24,2,2,2,2,2,1
10340970373627583356.wav,24,2,2,2,2,2,2
9548838360084113223.wav,27,3,0,0,0,0,3
17230210820244732511.wav,27,1,1,1,1,1,1
3276080885839423290.wav,26,0,0,0,0,0,0
8684784322270824461.wav,26,0,0,0,0,0,1
11908588125426506529.wav,15,0,0,0,0,0,0
9504532890910509902.wav,15,1,1,1,1,1,1
16482370908450603219.wav,15,0,0,0,0,0,0
10925685034764105223.wav,11,2,2,2,2,2,2
6627482069519907012.wav,11,0,0,0,0,0,0
10025136503551429285.wav,11,1,1,1,1,1,1
4559792685864878551.wav,23,0,0,0,0,0,0
11845709966572597684.wav,23,0,0,0,0,0,0
8352419504266730278.wav,23,0,0,0,0,0,0
17404919984914167816.wav,21,2,2,2,2,2,2
2325513724743385677.wav,21,2,2,2,2,2,2
7392136143330227374.wav,13,0,0,0,0,0,0
7400623448583414879.wav,13,0,0,0,0,0,0
16296509420064525771.wav,26,0,0,0,0,0,0
13073370375108734148.wav,26,2,2,1,2,2,2
8070842496620489324.wav,26,0,0,0,0,0,0
5764065865841891633.wav,16,1,1,1,1,1,0
11410953719453300750.wav,16,0,0,0,0,0,0
10038003841559301831.wav,16,1,1,1,1,1,1
15795475072455181500.wav,14,0,0,0,0,0,0
7733532664070005745.wav,14,2,0,0,0,0,2
6280117303412296318.wav,27,2,2,2,2,2,2
1263376531375101354.wav,18,1,1,1,1,1,1
15557816699101850198.wav,18,0,0,0,0,0,0
6329679814035100406.wav,18,0,0,0,0,0,0
2023408375580299404.wav,18,0,0,0,0,0,0
6330750903263365145.wav,18,0,0,0,0,0,0
2185707827846177823.wav,25,6,6,6,6,6,6
8270452666413680385.wav,25,3,3,3,3,3,3
14322079767450867473.wav,33,2,1,1,1,1,1
17337578966435148317.wav,33,2,2,2,2,2,2
12410616856758423505.wav,33,0,3,3,3,3,3
7073960046879253125.wav,18,2,2,2,2,2,2
4561947888367710145.wav,18,4,3,3,4,3,4
7515854120766965919.wav,18,3,3,3,3,3,3
9260425486030448910.wav,15,0,0,0,0,0,0
14654374492377685590.wav,17,0,0,0,0,0,0
11163414500924104867.wav,17,0,0,0,0,0,0
10403412335071207751.wav,17,1,1,1,1,1,0
13276376988686796006.wav,22,0,0,0,0,0,0
18244294921247580741.wav,22,0,0,0,0,0,0
11194862920514564612.wav,28,1,1,1,1,1,1
12884244664292160375.wav,28,1,0,0,0,0,1
4768220120073962941.wav,22,0,0,0,0,0,0
1634099284087334119.wav,22,0,0,0,0,0,0
16281861628996280102.wav,17,0,0,0,0,0,0
7683611811664953742.wav,17,0,1,1,1,1,0
4150243246215027903.wav,17,0,1,1,1,1,0
4087032221244291701.wav,20,0,0,0,0,0,0
11586202325032717194.wav,20,0,0,0,0,0,0
12416825745481413603.wav,23,1,1,1,1,1,0
3418373186431652277.wav,23,1,1,1,1,1,1
14814266227067277057.wav,23,0,0,0,0,0,0
8740761237387633636.wav,11,1,1,1,1,1,1
10520217665600376966.wav,11,0,0,0,0,0,0
13798928330273877511.wav,11,0,0,0,0,0,0
15601289299169967478.wav,21,0,0,0,0,0,0
6930347212827749492.wav,21,0,0,0,0,0,0
9292239658856083176.wav,21,0,0,0,0,0,0
3564629737866991364.wav,28,4,4,4,4,4,4
10538955959986250291.wav,28,3,3,3,3,3,3
3705948796424009645.wav,26,0,0,0,0,0,0
11421452054738304912.wav,26,0,0,0,0,0,0
10985435789630052233.wav,15,2,2,2,2,2,2
13532613108890365764.wav,15,3,3,3,3,3,3
5180902506042742652.wav,14,0,0,0,0,0,0
16737738620757268107.wav,14,0,0,0,0,0,0
